characteristics,target,targetSd,comparator,comparatorSd,tag,isNa,targetSize,comparatorSize,statistics,analysisId,conceptIds,hasValue,summary,conceptSetId
Age mean,63.9,6.8,64,6.8,Demographics,,8582,8578,mean,2,1,,Y,NA
Female sex,3171,,3251,,Demographics,,,,n,1,8532,,,NA
Race,0,,0,,Demographics,Y,,,n,,,,,NA
Region,0,,0,,Demographics,Y,,,n,,,,,NA
BMI mean,32.1,6,32,6.1,Demographics,,,,mean,705,3038553;40762636,,Y,117
median duration of type 2 diabetes,11,,10,,Duration of type 2 diabetes,Y,,,median,,,,,NA
Glycated hemoglobin,8.3,1.2,8.3,1.2,Lab values,,,,mean,705,2212392;3004410,,Y,124
Systolic blood pressure  mm Hg,135.1,15.3,134.8,15.5,Lab values,,,,mean,705,3004249,,Y,121
Estimated glomerular filtration rate  ml/min/1.73,85.4,15.8,85.1,16,Lab values,,,,mean,705,3029859;3049187;3053283;40771922;46236952,,Y,122
Established atherosclerotic cardiovascular disease  no.,3574,,3500,,Lab values,,,,n,210,195834;312934;315558;316437;317576;317577;318443;321882;760869;760870;760871;761206;761429;761430;761431;761432;761433;761434;761825;761826;761827;761828;761829;761853;761854;761858;762752;762753;762754;762755;762756;764123;764149;765080;765226;765301;3173780;3180023;3181694;3182789;4030425;4102124;4108673;4111393;4119141;4119951;4121623;4124682;4124834;4155007;4155962;4161455;4168972;4173261;4175846;4176602;4178321;4178622;4199962;4216685;4234991;4242670;4262560;4263254;4268756;4278243;4288295;4318983;35611566;35615018;35615019;35615020;35615021;35615028;35615116;36712805;36712807;36712955;36712982;36712983;36713014;36713015;36714444;36715051;37016181;37109252;37110250;37208181;37208182;37209668;37309630;37312133;37312134;37312530;40479625;40481919;40483538;40484167;40484541;40484551;40484912;42535143;42599973;43020493;43021851;43022064;43531588;44806109;46269996;46271459;46271460;46271462,,,390
History of coronary artery disease  no.,2824,,2834,,Medical history,,,,n,210,316437,,,392
History of peripheral artery disease  no. ,522,,503,,Medical history,,,,n,210,134380;318712;321052;321822;443729;761463;761464;761465;761466;761467;3176677;3181089;3184873;3192767;3198350;4033350;4055720;4116977;4119612;4124836;4124837;4124838;4124839;4131908;4139577;4139578;4139579;4146012;4168060;4199887;4200875;4202511;4208071;4235591;4253510;4263089;4263648;4289307;4291464;4294425;4299117;4299127;4301022;4301023;4301024;35615036;35615071;35615073;36713094;42572961;42597028;42597030;42599607;43020443;43021846;44782775;44811347;44811348,,,199
History of cerebrovascular disease  no.,653,,648,,Medical history,,,,n,210,764123;764149;36714444;40481919;43531588,,,391
History of heart failure  no.,852,,872,,Medical history,,,,n,210,312927;314378;316139;316994;319835;439694;439696;439698;439846;442310;443580;443587;444031;444101;762002;762003;764871;764872;764873;764874;764876;764877;3184320;4004279;4009047;4014159;4023479;4030258;4071869;4079296;4079695;4103448;4108244;4108245;4111554;4124705;4138307;4139864;4141124;4142561;4172864;4177493;4185565;4193236;4195785;4195892;4199500;4205558;4206009;4215446;4215802;4229440;4233224;4233424;4242669;4259490;4264636;4267800;4273632;4284562;4307356;4311437;4327205;35615055;36712927;36712928;36712929;36713488;36716182;36716748;36717359;37110330;37309625;37311948;40479192;40479576;40480602;40480603;40481042;40481043;40482857;40486933;42598803;43020421;43020657;43021735;43021736;43021825;43021826;43021840;43021841;43021842;43022054;43022068;43530642;43530643;43530961;44782428;44782655;44782713;44782718;44782719;44782728;44782733;44784345;44784442;45766164;45766165;45766166;45766167;45766964;45773075,,,191
Insulin,3567,,3446,,Glucose-lowering therapies,,,,n,410,,,,325
Metformin,7020,,7048,,Glucose-lowering therapies,,,,n,410,,,,281
Sulfonylurea,3615,,3707,,Glucose-lowering therapies,,,,n,410,,,,137
DPP-4,1418,,1470,,Glucose-lowering therapies,,,,n,410,793332;793333;793334;793335;793337;793338;793339;793340;793341;793342;793343;793344;994976;994977;994978;994979;994980;994981;994982;995234;1396414;1396415;1396416;1502094;1580747;1592314;1592315;1592316;1592317;1592319;1592320;1592321;1592322;1592323;19122137;19125040;19125041;19125042;19125043;19125044;19125045;19125046;19125047;19125048;19125049;19125050;19125051;19129176;19129177;19129178;19129179;21022396;21022397;21022398;21022399;21022400;21022401;21022402;21026611;21027229;21027230;21032127;21032128;21032129;21032130;21036393;21036394;21036395;21037019;21042075;21042076;21042077;21042078;21042079;21042080;21046240;21046344;21046932;21046933;21046934;21056013;21056101;21056102;21056655;21056656;21056657;21056658;21061609;21061610;21061611;21065832;21065833;21066043;21066044;21066489;21071550;21075758;21075759;21075845;21075986;21076407;21076408;21076409;21076410;21076411;21076412;21081251;21081252;21081253;21081254;21085475;21085476;21085477;21085478;21085479;21085583;21085706;21085707;21086132;21086133;21086134;21090997;21090998;21090999;21095367;21095923;21095924;21095925;21100919;21100920;21100921;21100922;21100923;21100924;21100925;21105135;21105136;21105137;21105219;21105325;21105326;21105327;21105328;21105797;21105798;21105799;21110739;21110740;21110741;21110742;21110743;21110744;21110745;21114949;21115147;21115577;21115578;21120431;21120432;21120433;21124550;21124551;21124643;21125190;21125191;21125192;21125193;21130190;21130191;21130192;21130193;21134466;21134672;21135097;21135098;21135099;21135100;21140122;21140123;21140124;21140125;21140126;21140127;21140128;21140129;21140130;21140131;21144378;21144379;21144380;21144381;21144470;21144471;21144561;21145000;21145001;21145002;21149972;21149973;21149974;21154296;21154297;21154298;21154299;21154487;21154932;21154933;21154934;21154935;21154936;21154937;21159925;21159926;21159927;21164094;21164095;21164096;21164191;21164192;21164193;21164301;21164302;21164768;21164769;21169718;21169719;21169720;21169721;21169722;21174081;21174495;21600783;21600784;21600785;21600786;21600787;35134424;35135050;35137528;35137622;35140096;35141637;35141688;35142322;35142586;35144477;35144699;35145384;35148449;35148593;35149261;35149920;35151976;35152399;35152569;35155325;35155886;35156410;35156652;35156706;35156727;35157372;35157433;35157607;35157793;35158145;35159034;35159809;35159935;35159986;35161255;35161344;35161715;35197921;35742340;35742520;35742603;35742604;35742605;35745885;35745926;35746786;35746787;35748875;35750438;35750879;35750948;35750949;35753025;35753965;35754276;35755107;35755108;35755192;35755193;35755194;35757211;35758094;35758236;35758779;35759225;35759292;35763002;35763428;35763494;35765464;35765465;35765466;35766259;35767617;35767618;35767619;35767620;35770708;35771884;35771885;35771886;35771887;35771888;35771970;35771971;35771972;35774067;35775102;36220550;36220551;36221103;36221104;36221230;36221231;36221232;36221233;36223139;36223140;36223141;36223142;36224108;36224321;36224403;36224404;36229291;36229292;36229565;36229566;36236480;36236481;36238284;36238285;36238286;36238287;36240261;36240262;36240263;36240264;36246193;36246194;36246195;36246196;36246265;36246266;36246267;36246268;36246269;36246270;36246271;36246272;36248787;36248788;36248789;36248790;36249790;36249791;36249792;36249793;36249794;36249795;36249796;36249797;36249798;36249799;36249800;36258320;36258376;36258492;36258637;36258722;36259598;36259599;36259600;36259828;36260221;36260222;36260872;36262390;36263471;36263693;36263702;36263964;36264757;36264758;36265343;36266021;36266079;36266084;36266307;36266472;36267199;36267200;36267578;36267591;36267923;36268646;36268770;36268876;36269757;36269763;36270448;36271084;36271366;36271817;36272392;36272981;36272982;36272983;36272984;36272985;36272986;36273757;36274096;36275576;36276453;36276807;36277526;36277527;36503641;36503953;36504398;36504955;36505416;36507091;36507512;36507637;36507936;36508530;36509999;36781946;36781947;36781948;36781949;36781950;36781951;36781952;36781953;36781954;36781955;36781956;36781957;36782424;36782425;36782426;36782427;36782428;36782429;36782430;36782431;36782432;36782433;36785088;36785089;36785090;36785091;36785092;36785093;36785094;36785095;36785096;36785097;36785098;36785099;36785135;36785136;36785137;36785138;36785139;36785140;36785141;36785142;36785143;36785144;36785145;36785146;36785147;36785148;36785149;36785150;36785151;36785152;36785153;36785154;36785155;36785156;36785157;36785158;36785159;36785160;36785161;36785162;36785163;36785164;36785165;36785166;36785167;36785169;36785170;36785172;36785173;36785174;36785175;36785176;36789345;36789346;36789347;36789348;36789349;36789350;36789351;36789352;36789353;36789354;36789355;36789435;36789452;36789453;36789454;36789455;36789456;36789457;36789458;36789459;36789460;36789461;36789462;36789463;36789464;36789465;36789466;36789467;36789468;36789469;36789470;36789471;36789472;36789473;36789474;36789475;36789476;36789477;36789478;36789479;36789480;36789481;36789482;36789483;36789484;36789485;36789487;36789488;36789489;36789490;36789491;36789492;36789493;36789494;36789495;36880727;36882718;36884530;36884790;36884964;36886044;36886571;36887596;36887702;36887969;36889582;36889961;36891677;37592683;37592684;37592685;37592686;37592687;37592688;40136769;40136770;40139098;40146999;40148129;40164891;40164892;40164893;40164922;40164923;40164924;40166035;40166036;40166037;40166038;40166039;40166040;40166041;40166042;40166043;40166044;40166045;40229045;40229046;40229047;40229048;40229049;40229050;40231387;40231388;40231391;40231392;40231393;40231394;40231395;40231396;40231402;40231403;40231404;40239216;40239217;40239218;40239219;40239220;40239221;40239222;40243622;40243624;40243626;40243627;40243628;40243629;40243630;40243631;40243632;40243633;40243634;40251691;40718272;40718273;40720065;40720066;40720067;40720068;40720069;40720070;40720071;40749309;40749310;40749311;40749312;40749313;40749314;40749751;40749752;40749753;40749754;40749755;40749756;40828485;40833706;40834305;40835234;40839055;40840266;40843542;40843543;40843544;40843545;40843546;40851761;40851762;40851763;40851956;40853749;40853750;40853751;40853752;40865338;40865407;40866380;40870149;40871401;40871402;40871653;40874759;40874760;40874761;40882315;40883032;40883033;40883228;40883229;40883230;40884995;40884996;40884997;40884998;40884999;40891024;40896055;40897524;40902432;40902685;40905685;40905686;40913981;40913982;40915890;40915891;40915892;40915893;40928548;40928779;40932336;40933872;40933873;40936965;40936966;40936967;40936968;40937503;40944618;40945315;40945316;40945317;40945318;40945319;40945320;40945321;40947287;40947288;40947289;40947290;40952609;40964823;40965071;40968094;40968095;40968096;40968573;40976308;40976309;40976310;40976311;40978262;40978263;40978264;40978265;40978266;40978267;40978268;40978269;40978270;40978271;40983527;40987278;40990121;40991113;40991114;40994866;40996135;40996136;40996389;40999437;40999438;41007652;41007653;41007654;41009623;41009624;41009625;41009626;41009627;41009628;41013449;41015022;41015546;41021095;41021096;41022058;41022059;41025925;41027159;41030457;41030458;41030964;41038690;41038691;41038692;41038881;41038882;41040691;41040692;41040693;41045901;41046771;41058313;41061577;41061578;41061579;41069978;41069979;41069980;41071948;41071949;41075903;41083328;41083811;41088629;41089888;41089889;41093199;41101441;41101442;41103392;41103393;41103394;41112746;41114559;41115029;41121087;41121372;41124366;41124367;41132072;41132073;41132759;41132760;41132761;41132762;41134822;41151423;41155930;41155931;41155932;41164122;41164309;41166096;41177061;41177533;41182473;41182474;41182475;41186995;41186996;41186997;41194728;41194730;41195437;41197456;41197457;41197458;41197459;41203538;41203539;41209149;41210093;41210094;41210325;41213813;41215015;41218244;41225768;41226515;41226516;41226517;41226695;41228514;41228515;41228823;41234537;41237051;41240033;41241078;41249258;41257352;41259333;41259334;41259335;41271884;41271885;41271886;41276932;41280053;41280054;41287715;41288419;41288420;41288421;41288422;41296460;41299758;41301466;41302043;41303259;41308044;41308045;41311402;41319837;41321733;41321734;41321735;41321736;41321737;42482588;42482589;42705856;42705857;42705859;42705862;42705865;42705866;42705988;42705990;42705992;42708086;42708087;42708088;42708089;42708090;42708091;42708166;42708167;42708168;42708169;42708170;42708171;42708172;42708173;42708174;42708175;42708176;42708177;42900896;42900899;42900902;42901618;42901619;42901620;42901621;42901622;42901623;42925615;42925616;42925617;42925618;42925619;42925620;42925621;42925622;42925623;42925624;42925625;42925626;42925627;42925628;42925629;42925630;42925631;42925632;42925633;42925634;42925635;42925636;42925637;42942966;42942967;42942968;42942969;42942970;42942971;42942972;42942973;42942974;42942975;42942976;42942977;42942978;42942979;42942980;42942981;42942982;42942983;42942984;42942985;42942986;42960587;42960588;42960589;42960590;42960591;42960592;42960593;42960594;42960595;42960596;42960597;42960598;42960599;42960600;42960601;42960602;42960603;42960604;42960642;42960643;42960644;42960645;42960646;42960647;42960648;42960649;42960650;42960651;42960652;42960653;42960654;42960655;42960656;42960657;42960658;42961319;42961320;42961321;42961322;42961323;42961324;42961325;42961326;42961327;42961328;42961329;42961330;42961331;42961332;42961333;42961334;42961335;42961336;42961484;42961485;42961486;42961487;42961488;42961489;42961490;42961491;42961493;42961494;42961495;42961496;42961497;42961498;42961499;42961500;42961501;42961502;42961503;42961504;42961505;42969162;42969163;42969164;42969165;42969166;42969167;42969168;42969169;42969170;42969171;42969172;42970723;42970724;42970725;42970726;42970727;42970728;42970729;42970730;42970731;42970732;42970733;42970734;42970735;42970736;43008991;43009051;43009070;43009089;43013884;43013885;43013887;43013888;43013893;43013895;43013896;43013897;43013898;43013899;43013900;43013901;43013902;43013903;43013904;43013905;43013906;43013907;43013908;43013909;43013910;43013911;43013912;43013913;43013914;43013915;43013916;43013917;43013918;43013919;43013920;43013921;43013922;43013923;43013924;43013925;43013926;43013927;43013928;43013929;43013930;43013931;43013932;43024900;43024901;43134962;43134963;43134964;43134965;43134966;43134967;43134968;43135949;43137483;43137484;43137485;43145840;43145841;43145842;43145843;43146477;43146865;43146866;43157089;43157090;43157091;43157092;43157093;43157705;43158073;43158074;43158075;43159592;43159593;43167987;43167988;43167989;43167991;43168955;43168956;43170494;43179041;43179042;43179043;43179044;43179045;43181512;43181513;43181514;43189960;43189961;43189962;43189963;43189964;43189965;43192448;43192449;43192450;43192451;43192452;43201001;43201002;43201003;43203515;43203516;43211790;43211791;43211792;43212422;43212818;43212819;43214365;43214366;43214367;43254638;43254639;43256447;43256448;43256452;43256453;43256454;43256455;43256456;43256457;43256460;43256461;43256462;43257608;43257609;43259937;43259938;43261766;43261767;43261768;43261771;43261772;43261773;43261774;43262991;43263862;43265384;43267249;43267250;43267251;43267252;43267261;43267262;43267263;43267264;43267265;43267266;43267267;43267268;43267269;43267270;43267271;43267272;43267273;43267274;43267275;43267276;43268500;43270863;43270864;43272757;43272758;43272761;43272762;43272763;43272764;43272765;43272766;43272767;43272768;43272769;43272770;43272771;43272772;43274005;43274006;43274007;43274008;43274009;43278232;43278237;43278238;43278239;43278240;43278241;43278242;43278244;43278245;43278246;43278247;43283560;43283561;43283562;43283563;43283564;43284783;43285657;43287209;43287210;43287211;43287212;43287213;43289018;43289022;43289023;43289024;43290196;43290197;43292571;43292572;43292573;43294436;43294437;43294438;43294439;43294440;43295624;43296672;43296673;43516362;43516465;43534752;43534753;44036154;44036155;44036952;44038945;44041679;44048656;44050062;44050063;44050200;44054344;44054759;44063212;44063847;44065028;44069816;44075030;44086022;44086023;44089407;44090687;44090688;44092977;44095942;44099492;44101674;44101675;44109980;44112267;44114517;44116510;44116511;44120105;44124968;44127655;44127656;44127657;44159314;44159315;44163148;44170616;44170664;44178144;44182302;44185582;44186088;45892171;45892172;45892174;45892175;45892176;45892177;45892178;45892179,,,135
GLP-1 receptor agonis,397,,353,,Glucose-lowering therapies,,,,n,410,782680;782681;782682;782683;782684;782685;782686;782687;782688;782689;782690;782691;784290;784291;784292;784293;784294;784295;784296;784297;784298;784299;793109;793110;793111;793112;793113;793114;793115;793116;793143;793144;793145;793146;793147;793149;793150;793151;793152;793153;793154;994760;994761;994762;994763;994764;994765;994917;994918;994919;995313;995314;995315;1123609;1123611;1123618;1123630;1123633;1123739;1501778;1583722;1583727;1583728;1583729;1583730;1718596;1718597;1718598;1718599;1718601;1718602;1718603;1718604;1718605;1718606;1718703;1718704;1718705;1718706;1718708;1718709;1718710;1718711;1718712;1718713;19083253;19083254;19135404;19135405;21027240;21027241;21028842;21028843;21029637;21029638;21036255;21036594;21036596;21037025;21038665;21041604;21046456;21046457;21048468;21048469;21048470;21048471;21049318;21049370;21056224;21056741;21061182;21066500;21066501;21068155;21068156;21068157;21069050;21075648;21075991;21076494;21077979;21077980;21078825;21085348;21085714;21086140;21086223;21087724;21087725;21087726;21087727;21087728;21088503;21088504;21095151;21095937;21097518;21097519;21098380;21098381;21105003;21105004;21105334;21105336;21107378;21107379;21107380;21114821;21115586;21115587;21117127;21118000;21125207;21125208;21125304;21127718;21127719;21127720;21127764;21134325;21134680;21135110;21135191;21135192;21136743;21136744;21137586;21137643;21139712;21144237;21144238;21144239;21144564;21145008;21145084;21145085;21145086;21146597;21147416;21147417;21149564;21154179;21154942;21155024;21156568;21156569;21157455;21164776;21164856;21166315;21167145;21167204;21167205;21174087;21174504;21174505;21176095;21176096;21176937;21176994;21177831;21177911;21178105;21178177;35136109;35157409;35408233;35408695;35409202;35409947;35411551;35412102;35412890;35742089;35754218;35758342;35763336;35763337;35766701;35770692;35770960;35771788;35779304;35779328;35779329;35779330;35779390;35779391;35779569;35779570;35779601;35779633;35779634;35779706;35779765;35779766;35779767;35779768;35779769;35785048;35785049;35785059;35785073;35785074;35785086;35785088;35785089;35785090;35785091;35785097;35785110;35785118;35785119;35785132;35789600;35789601;35789602;35789603;35789604;35789605;35789606;35789607;35789608;35789609;35789610;35789611;35789612;35789613;35789614;35789615;35789616;35789617;35789618;35789619;35789620;35789621;35789622;35789623;35789624;35789625;35789626;35789627;35789628;35789629;35789630;35789631;35789632;35789633;35789634;35789635;36220119;36222278;36234709;36238252;36241903;36246905;36246906;36247185;36247186;36247618;36248956;36257019;36257331;36257332;36257722;36257910;36259066;36260449;36260450;36261529;36261606;36262254;36263010;36264995;36266651;36266953;36267325;36267396;36267952;36269857;36269923;36270071;36271737;36272453;36274845;36275614;36276827;36277539;36281012;36281031;36281056;36281086;36281093;36281121;36281127;36281155;36281213;36281221;36282263;36282265;36282266;36282267;36282268;36283722;36283725;36283726;36283727;36283728;36283729;36283730;36283731;36283820;36283825;36283826;36283830;36283834;36283850;36403507;36403508;36403509;36403526;36403680;36403869;36404173;36404310;36405240;36406016;36406172;36406786;36406992;36407569;36408050;36408288;36408866;36408883;36409059;36409254;36409559;36409596;36410254;36410273;36410280;36410288;36410289;36410293;36410295;36410309;36410310;36420482;36420483;36420484;36505413;36505741;36505873;36505976;36506190;36506271;36506956;36507819;36508201;36508364;36508748;36508756;36508978;36509032;36509857;36778933;36778934;36778935;36778936;36778937;36778938;36778939;36778940;36778941;36778942;36778943;36778944;36778945;36778946;36778947;36778948;36779967;36779968;36779969;36779971;36779972;36779973;36779974;36779975;36779976;36779977;36779978;36779979;36779980;36781837;36781838;36782710;36782711;36782712;36782713;36782714;36782715;36782716;36782717;36782718;36782719;36785904;36785905;36785906;36785907;36785908;36785909;36785910;36785911;36785912;36785913;36785914;36785915;36809144;36809145;36809146;36809147;36809148;36809149;36809742;36809750;36809751;36809754;36809755;36809756;36810550;36810763;36812262;36814565;36881279;36881835;36882861;36889744;36890939;36892499;36893532;36895267;36897581;36897884;36897900;36898011;37593853;40169222;40169223;40170911;40170912;40170913;40220770;40220851;40220852;40220854;40220855;40220856;40220857;40220858;40220859;40220860;40220861;40220862;40220863;40220864;40221118;40702704;40702705;40702706;40702841;40702842;40702843;40716441;40716968;40716969;40716970;40718251;40718252;40718253;40718254;40718255;40719364;40719365;40736440;40736441;40822505;40833483;40835441;40835451;40836355;40838577;40844025;40855096;40858288;40867428;40877540;40897710;40897711;40898781;40908545;40908546;40912908;40925398;40928763;40928764;40929887;40931835;40940348;40955718;40957072;40960091;40960105;40960970;40960971;40960972;40963103;40970836;40991323;40999885;41002204;41011002;41022255;41022266;41023137;41033277;41037571;41062044;41062045;41064441;41064946;41073389;41085972;41085973;41086226;41088131;41088132;41100287;41100288;41107841;41116327;41117463;41119365;41124827;41124828;41124829;41127242;41148673;41148674;41148675;41162947;41181970;41187459;41187498;41189879;41190388;41204165;41211189;41211190;41218691;41218716;41218717;41242107;41249736;41252038;41252039;41252547;41256231;41260715;41265445;41275239;41298305;41299874;41303252;41318632;41346753;41346760;41346941;41347067;41347068;41347182;41347183;41347268;41347312;41347313;41347407;41347484;41347536;41347630;41347631;41347729;41347784;41347889;41347890;41348246;41348573;41348574;41348575;41348675;41348676;41348899;41348942;41348943;41349137;41349138;41349294;41349295;41349451;41349549;41349636;41349637;41349638;41349690;41349691;41349692;41349874;41349875;41349876;41349933;41349934;41349935;41349936;41349937;41350123;41350124;41350125;41350172;41350361;41350409;41350532;41350533;41350534;41407362;41407613;41408094;41408192;41408497;41408564;41408658;41409317;41409700;41409863;41409864;41410096;41410097;41410166;41410255;41412023;41412024;41412037;41412064;41412071;41412086;41412092;41412164;41412170;41412174;41412183;41412187;41412202;41412220;41412227;41412228;41412232;41412240;41412241;41412242;41412246;41412266;41412267;41412268;41412274;41412284;41430926;41430927;41430932;41430940;41430941;41430942;41430944;41430947;41430949;41430950;41430955;41430956;41430957;41430958;41430959;41430960;41430969;41430972;41430977;41430982;41430983;41430986;41430987;41430988;41430990;41430991;41430994;41430995;41430999;41431000;41431002;41431007;41431008;41431009;41431010;42478932;42479029;42479624;42480776;42480782;42481389;42481391;42481910;42482002;42482011;42656231;42656233;42656234;42656235;42656236;42656237;42656238;42656239;42656240;42656241;42656242;42656243;42658279;42658280;42658281;42658282;42658283;42658284;42658285;42658286;42658287;42683384;42683385;42683386;42683387;42683874;42683875;42683876;42683877;42683878;42705839;42705842;42708078;42708079;42731892;42731910;42902527;42902689;42902866;42902992;42903341;42903382;42921720;42921721;42921722;42921723;42921781;42921783;42922263;42922264;42922767;42922957;42922958;42922959;42935364;42935365;42935366;42935367;42935368;42935369;42935370;42935371;42946808;42946809;42963163;42963164;42963165;42963166;42963167;42963168;42971267;42971268;42971269;42971270;42971271;42971272;43026980;43026981;43026982;43026983;43030264;43030265;43030266;43030267;43030268;43030269;43030270;43030271;43038961;43038962;43038963;43038964;43038965;43038966;43140948;43140949;43152028;43152029;43152030;43153986;43153987;43163128;43163129;43174144;43174145;43174525;43195984;43195985;43206892;43217922;43217923;43258662;43258663;43258664;43258841;43258842;43259412;43259958;43264104;43264281;43269064;43269399;43269560;43269561;43269768;43269769;43270316;43270877;43270878;43270879;43270880;43270881;43274600;43274601;43276381;43276382;43280278;43280279;43280431;43280432;43280433;43280434;43280633;43280634;43281215;43281756;43285377;43285914;43286096;43286097;43286672;43291114;43291280;43291466;43292585;43292586;43292587;43296150;43296508;43296509;43296674;43296675;43296870;43296871;43298273;43298358;43514781;43515106;43515107;43515506;43515927;43516277;43516319;43516388;43517569;43518166;43518175;43518181;43518182;43518191;43518207;43518250;43519173;43522691;43522916;44029890;44032735;44034733;44044006;44045768;44057212;44057249;44058730;44073200;44075912;44081621;44086104;44086432;44094514;44101797;44115142;44115143;44121622;44123182;44123449;44125349;44125432;44132541;44132557;44132613;44132678;44132731;44132783;44160058;44163833;44191312;44191345;44197072;44197110;44197111;44197135;44197136;44197191;44197236;44197346;44198914;44198918;44198919;44506518;44506520;44506754;44816083;44816086;44816093;44816094;44816273;44816274;44816275;44816276;44816282;44816283;44816284;44816285;44816332;45774435;45774436;45774438;45774440;45774442;45774443;45774444;45774445;45774446;45774447;45774448;45774449;45774450;45774531;45774533;45774534;45774535;45892684;45892686;45892687;46234110;46234111;46234112;46234116;46234117;46234118;46234119;46234120;46234121;46234122;46234470;46234471;46275422;46275423,,,138
Antiplatelet agents,5245,,5242,,Cardiovascular therapies,,,,n,410,782765;782766;784020;784021;784022;994646;1322184;1322185;1322187;1322188;1322189;1322190;19030330;19075601;19120256;21021526;21021527;21023802;21023804;21023805;21023806;21023807;21023808;21023809;21023810;21026798;21028245;21031243;21031244;21031245;21033569;21033570;21033571;21033572;21033573;21033574;21033575;21033577;21033578;21033579;21036583;21036584;21036585;21043470;21043471;21043472;21043473;21043474;21043475;21043476;21043477;21043478;21043480;21046449;21046450;21047899;21053273;21053274;21053275;21053277;21053278;21053279;21053280;21056216;21063096;21063097;21063098;21063099;21063100;21063101;21063102;21063103;21063104;21063105;21063106;21066045;21073000;21073001;21073002;21073003;21073004;21073005;21073006;21077428;21077429;21079180;21080398;21082671;21082672;21082674;21082675;21082676;21082677;21082679;21085708;21085709;21088717;21090125;21092471;21092472;21092473;21092474;21092475;21092476;21092477;21095466;21095467;21100038;21102363;21102364;21102365;21102366;21102367;21102368;21102369;21102370;21105329;21105330;21106783;21112165;21112167;21112168;21112169;21112170;21112171;21112172;21112174;21119600;21121863;21121864;21121865;21121866;21121867;21121869;21121870;21129392;21131644;21131645;21131646;21131647;21131648;21134673;21134674;21141600;21141601;21141602;21141604;21141605;21141606;21141607;21144562;21151400;21151401;21151402;21151403;21151404;21151405;21151406;21151407;21154488;21154489;21159040;21161336;21161338;21161339;21161340;21161341;21161342;21161343;21161344;21171098;21171099;21171100;21171101;21171102;21171103;21171104;21171105;21171106;21174082;21177192;21600989;21601004;35130030;35130339;35131116;35131344;35131648;35131926;35131927;35132039;35132207;35132480;35133089;35133642;35133694;35133832;35134670;35134803;35134994;35135260;35135438;35135880;35137266;35137344;35138311;35138346;35138400;35138594;35138649;35138894;35139663;35139693;35139705;35140254;35140597;35141001;35141216;35141882;35142098;35142251;35142770;35143261;35143737;35145504;35146015;35146024;35146481;35148308;35148629;35148768;35149549;35150614;35151084;35151581;35151609;35151719;35151801;35151992;35152555;35153369;35153916;35154224;35154485;35155145;35155585;35156097;35156260;35156906;35157332;35157380;35157488;35157674;35157721;35159045;35160819;35160886;35161674;35407079;35407339;35410705;35412269;35412683;35742165;35742269;35742518;35742519;35743757;35743758;35743759;35743760;35743761;35743762;35743763;35743764;35743765;35746718;35747943;35747944;35747945;35747946;35747947;35747948;35747949;35747950;35749205;35750065;35750341;35752069;35752070;35752071;35752072;35752073;35752074;35752075;35752076;35752077;35752078;35752079;35752080;35752081;35752082;35752083;35753367;35753964;35755106;35756314;35756315;35756317;35756318;35756319;35756320;35756321;35756322;35756323;35756324;35756325;35757563;35757564;35760474;35760475;35760476;35760477;35760478;35760479;35760480;35760481;35760482;35760484;35760485;35760486;35760487;35761718;35764597;35764598;35764599;35764600;35764601;35764602;35764603;35764604;35764605;35764606;35764607;35766703;35768796;35768797;35768798;35768799;35768801;35768802;35770116;35771883;35773147;35773148;35773149;35773150;35773151;35773152;35773153;35773154;35773155;35773156;35773157;35773158;35773159;35773160;35773161;35774726;35776115;35777525;35777526;35786592;35786710;35787064;35787244;35787975;35805373;35805375;35806053;35806268;35806284;36212875;36212876;36220898;36220899;36222254;36222255;36229331;36229332;36231362;36231363;36237764;36237765;36257107;36258053;36258054;36258055;36258056;36258325;36258440;36258491;36258608;36258623;36259557;36260593;36260594;36260595;36260596;36260597;36261108;36261313;36261336;36262597;36263153;36263514;36263732;36263799;36263985;36266069;36266248;36266433;36266535;36266613;36266621;36268304;36268305;36268306;36268307;36268308;36268848;36268930;36269040;36269697;36270795;36270796;36270797;36270798;36271099;36271201;36271327;36271420;36271465;36271524;36272345;36272507;36272792;36273351;36273352;36273353;36273354;36273355;36273878;36274038;36274098;36274114;36274180;36275947;36275948;36276527;36276642;36277040;36277338;36277339;36419364;36419365;36503490;36503762;36503878;36504021;36504276;36504278;36504299;36504602;36505060;36505075;36505135;36505490;36506608;36506726;36506746;36506915;36507101;36507176;36507528;36508131;36508380;36508479;36508847;36509239;36782247;36782248;36782249;36782250;36782251;36782252;36782253;36782254;36782255;36782311;36782312;36782313;36782314;36788998;36788999;36789000;36789001;36789002;36789003;36789004;36789005;36789006;36789007;36789008;36789009;36879560;36879771;36880537;36882049;36882050;36883387;36884862;36885299;36885300;36887791;36894359;36894679;36894680;36894681;37593474;37593475;37593476;37593477;37593478;37593479;37593480;37593481;37593482;37593483;37593484;40095878;40095879;40163718;40163719;40163720;40163721;40163722;40163723;40163724;40163725;40163726;40163727;40163728;40241186;40241187;40241188;40241189;40241190;40241191;40241192;40252640;40718320;40721066;40721808;40721809;40721810;40721811;40721812;40721813;40721814;40721815;40721816;40721817;40721818;40721997;40721998;40721999;40722000;40722001;40722002;40722003;40722004;40722005;40722006;40722007;40722008;40722009;40722010;40722011;40722012;40722013;40722014;40722015;40722016;40722017;40722018;40722019;40722020;40722021;40722022;40722023;40722024;40722025;40722026;40722027;40748896;40748897;40821626;40821935;40821983;40823413;40824433;40824976;40825725;40829523;40829524;40829525;40829526;40832819;40832820;40832821;40832822;40833960;40834529;40848028;40848029;40848030;40848031;40848032;40848033;40848034;40848035;40848036;40848037;40848038;40848039;40848040;40850748;40852523;40852524;40852525;40855917;40855918;40855919;40855920;40855921;40855922;40855923;40855924;40855925;40855926;40855927;40855928;40855929;40855930;40855931;40855932;40855933;40855934;40855935;40855936;40855937;40855938;40855939;40855940;40855941;40857207;40861441;40864015;40864016;40864017;40864018;40864019;40870843;40872585;40879137;40879138;40879139;40879141;40879142;40879143;40879144;40879145;40879147;40879148;40879149;40879150;40879152;40879153;40879154;40879155;40879156;40879157;40879158;40879159;40879160;40883772;40883773;40883774;40887274;40887275;40887276;40887277;40887278;40887279;40887280;40887281;40887282;40887283;40887284;40887285;40887286;40887287;40887288;40887289;40887290;40891989;40895203;40895204;40899297;40899298;40900892;40910171;40910172;40910173;40910174;40910175;40910176;40910177;40910178;40910179;40910180;40910181;40910182;40910183;40910184;40910185;40910186;40910187;40910188;40910189;40910190;40910191;40913696;40914693;40914694;40918122;40918123;40918124;40918125;40918126;40918127;40918128;40918129;40918130;40918131;40918132;40918133;40918134;40918135;40918136;40918137;40919481;40919482;40919483;40922976;40926166;40926167;40926168;40926169;40930469;40941488;40941489;40941490;40941491;40941492;40941494;40941496;40941497;40941498;40941499;40941500;40941501;40941502;40944312;40945007;40946067;40946068;40949462;40949463;40949464;40949465;40949466;40949467;40949468;40949469;40949470;40949471;40949472;40949473;40949474;40949475;40949476;40949477;40949478;40949479;40954243;40954244;40954245;40954247;40957424;40957425;40957426;40957427;40957429;40957430;40957431;40957432;40957433;40972478;40972479;40972480;40972481;40972482;40972483;40972484;40972485;40972486;40972487;40972488;40972489;40972490;40972491;40972492;40972493;40972494;40972495;40972496;40972497;40977032;40977033;40977034;40977035;40977036;40977037;40977038;40980487;40980488;40980489;40980490;40980491;40980492;40980493;40980494;40980495;40980496;40980497;40980498;40980499;40980500;40980501;40980502;40980503;40980504;40980505;40980506;40980507;40981785;40981786;40981787;40985388;40988721;40988724;41003829;41003830;41003831;41003832;41003833;41003834;41003835;41003836;41003837;41003838;41003839;41003840;41003841;41003842;41003843;41003844;41003845;41003847;41003848;41003849;41003850;41003851;41003852;41007327;41007328;41007329;41007330;41007331;41008383;41011807;41011808;41011809;41011810;41011811;41011812;41011813;41011814;41011815;41011816;41011817;41013056;41016464;41016465;41016466;41016467;41019659;41019660;41019661;41034949;41034950;41034951;41034952;41034953;41034954;41034955;41034956;41034957;41034958;41034959;41034960;41034961;41034962;41034963;41034964;41034965;41034966;41034967;41037728;41039464;41039465;41039466;41042904;41042905;41042906;41042907;41042908;41042909;41042910;41042911;41042912;41042913;41042914;41042915;41042916;41042917;41042918;41047775;41047776;41048466;41048467;41050910;41050911;41050912;41050913;41051608;41055213;41055214;41057780;41059538;41066077;41066078;41066081;41066082;41066083;41066084;41066085;41066086;41066088;41066089;41066090;41066092;41066093;41066095;41066096;41066097;41066098;41066099;41066100;41069665;41069666;41070745;41070746;41070747;41070748;41074264;41074265;41074266;41074267;41074268;41074269;41074270;41074271;41074272;41074273;41074274;41074275;41075567;41079172;41079173;41079174;41082438;41082439;41082440;41086737;41088265;41097607;41097608;41097609;41097610;41097611;41097612;41097613;41097615;41097617;41097618;41097619;41097620;41097621;41097622;41097623;41097624;41097627;41097628;41100441;41102165;41102166;41105671;41105672;41105673;41105674;41105675;41105676;41105677;41105678;41105679;41105680;41105681;41105682;41105683;41105684;41105685;41105686;41105687;41105688;41105689;41105690;41105691;41105692;41105693;41107001;41108852;41110541;41110542;41113685;41113686;41113689;41114781;41128943;41128944;41128945;41128946;41128947;41128948;41128949;41128951;41128952;41128953;41128954;41128955;41128956;41128957;41128959;41128960;41128961;41128962;41137104;41137105;41137106;41137107;41137108;41137109;41137110;41137111;41137112;41137113;41137114;41137116;41138440;41138441;41141941;41141942;41141943;41145269;41145271;41145272;41152146;41160386;41160387;41160388;41160389;41160390;41160391;41160393;41160394;41160395;41160396;41160397;41160400;41160401;41160402;41160403;41160404;41160405;41160406;41160407;41160408;41163101;41163802;41163803;41164840;41168280;41168281;41168282;41168283;41168284;41168285;41168286;41168287;41168288;41168289;41168290;41169553;41169554;41173009;41173010;41173011;41173012;41173013;41176223;41176225;41177301;41177302;41177889;41180570;41180571;41191528;41191529;41191530;41191531;41191532;41191534;41191535;41191536;41191537;41191538;41191540;41191541;41191542;41191543;41191544;41191545;41191546;41194397;41196188;41196189;41196190;41196191;41196192;41199685;41199686;41199687;41199688;41199689;41199690;41199691;41199692;41199693;41199694;41199695;41199696;41200961;41200962;41204564;41207756;41207757;41207758;41207759;41207760;41207761;41207762;41207763;41207764;41207765;41207766;41213477;41214511;41214512;41216152;41222622;41222623;41222624;41222625;41222626;41222627;41222628;41222630;41222631;41222633;41222634;41225428;41225429;41227270;41230771;41230772;41230773;41230774;41230775;41230776;41230777;41230778;41230779;41230780;41230781;41230782;41230783;41232034;41232035;41232036;41232037;41235498;41235499;41238690;41238691;41245437;41253575;41253576;41253577;41253578;41253579;41253580;41253581;41253582;41253583;41253586;41253587;41253588;41253589;41253590;41253591;41253592;41253593;41253594;41258061;41261488;41261489;41261490;41261491;41261492;41261493;41261494;41261495;41261496;41261497;41261498;41261499;41261500;41261501;41261502;41261503;41261504;41261505;41261506;41261507;41261508;41262756;41262757;41266369;41266370;41266371;41269627;41269628;41269629;41269630;41270624;41271207;41273800;41278012;41284569;41284570;41284571;41284572;41284573;41284574;41284575;41284576;41284579;41284580;41284581;41284582;41284583;41284584;41284585;41284586;41284587;41284588;41284589;41284590;41284591;41284592;41284593;41284594;41287414;41287415;41287416;41288076;41288077;41288078;41289178;41289179;41289180;41289181;41289182;41292628;41292629;41292630;41292631;41292632;41292633;41292634;41292635;41292636;41292637;41292638;41292639;41292640;41292641;41292642;41292643;41292644;41292645;41292646;41293943;41293944;41293945;41293946;41293947;41297424;41297425;41300629;41300630;41300632;41301698;41301699;41302331;41306464;41307494;41307495;41307496;41315862;41315863;41315864;41315865;41315866;41315867;41315868;41315869;41315870;41315871;41315872;41315873;41315874;41315876;41315877;41318814;41320513;41323984;41323985;41323986;41323987;41323988;41323989;41323990;41323991;41323992;41323993;41323994;41323995;41323996;41323997;41323998;41323999;41325271;41325272;42657904;42657952;42657953;42657954;42657955;42657956;42657957;42657958;42657959;42657960;42657961;42657962;42658023;42875072;42875073;42875074;42875075;42875076;42875078;42875079;42875080;42875081;42875082;42875083;42875084;42875085;42875086;42876236;42876237;42876238;42876239;42876240;42876241;42876242;42876243;42876244;42928731;42928845;42928888;42928889;42928890;42928891;42928892;42928893;42928894;42928895;42928896;42928897;42928898;42928899;42928900;42928901;42928902;42928903;42928904;42928905;42928906;42928907;42928908;42928909;42928910;42928911;42928912;42928913;42928914;42928915;42928916;42928917;42928918;42928919;42928920;42928921;42928922;42928923;42928924;42928925;42928926;42928927;42928928;42928929;42928930;42928931;42928932;42928933;42928934;42928935;42928936;42928937;42928938;42928939;42928940;42928941;42928942;42928943;42928944;42928945;42928946;42928947;42928948;42928949;42928950;42928951;42928953;42928954;42928955;42928956;42928957;42928958;42928959;42928960;42928961;42928962;42928963;42928964;42928965;42928966;42928967;42928968;42928969;42928970;42928971;42928972;42928973;42928974;42928975;42928976;42928977;42928978;42928979;42928980;42928981;42928982;42928983;42928984;42928985;42928986;42928987;42928988;42928989;42928990;42928991;42928992;42928993;42928994;42928995;42928996;42928997;42928998;42928999;42929000;42929001;42929002;42929003;42929004;42929005;42929006;42929007;42929008;42929009;42929010;42929011;42929013;42929014;42929015;42929016;42929017;42929018;42929020;42929021;42929022;42929023;42929024;42929025;42929026;42929027;42929028;42929029;42929030;42929031;42929032;42929033;42929034;42929035;42929036;42929037;42929038;42929039;42929040;42929041;42929042;42929043;42929044;42929045;42929046;42929047;42929048;42929049;42929050;42929051;42929052;42929053;42929054;42929055;42929056;42929057;42929058;42929059;42929060;42929061;42929062;42929063;42929064;42929065;42929066;42929067;42929068;42929069;42929070;42929071;42929072;42929073;42929074;42929075;42929076;42929077;42929078;42929079;42929081;42929082;42929083;42929084;42929085;42929086;42929087;42929088;42929089;42929090;42929091;42929092;42929093;42929094;42929095;42929096;42929097;42929098;42929099;42929100;42929101;42929102;42929103;42929104;42929105;42929106;42929107;42929108;42929109;42929110;42929111;42929112;42929113;42929114;42929115;42929116;42929117;42929118;42929119;42929120;42929121;42929122;42929123;42929124;42929125;42929126;42929127;42929128;42929129;42929130;42929131;42929132;42929133;42929134;42929135;42929136;42929137;42929138;42929139;42929140;42929141;42929142;42929143;42929144;42929145;42929146;42929147;42929148;42929149;42929150;42929151;42929152;42929153;42929154;42929155;42929156;42929157;42929158;42929159;42929160;42929161;42929162;42929163;42929164;42929165;42929166;42929167;42929168;42929169;42929170;42929171;42929172;42929173;42929174;42929175;42929176;42929177;42929178;42929179;42929180;42929181;42929182;42929183;42929184;42929185;42929186;42929187;42929188;42929189;42929190;42929191;42929192;42929193;42929194;42929195;42929196;42929198;42929199;42929200;42929201;42929202;42929203;42929204;42929205;42929206;42929207;42929208;42929209;42929210;42929211;42929212;42929213;42929214;42929215;42929216;42929217;42949808;42949809;42949810;42949811;42949812;42949813;42949814;42949815;42949816;42949817;42949818;42949819;42949820;42949821;42949822;42949823;42949824;42949825;42949826;42949827;42949828;42949829;42949830;42949831;42949832;42949833;42949834;42949835;42949836;42949837;42949838;42949839;42949840;42949841;42949842;42949843;42949844;42949845;42949846;42949847;42949848;42949849;42949850;42949851;42949852;42949853;42949854;42949855;42949856;42949857;42949858;42949859;42949860;42949861;42949862;42949863;42949864;42949865;42949866;42949867;42949868;42949869;42949870;42949871;42949872;42949873;42949874;42949875;42949876;42949877;42949878;42949879;42949880;42949881;42949882;42949883;42949884;42949885;42949886;42949887;42949888;42949889;42949890;42949891;42949892;42949893;42949894;42949895;42949896;42949897;42949898;42949899;42949900;42949901;42949902;42949903;42949904;42949905;42949906;42949907;42949908;42949909;42949910;42949911;42949912;42949913;42949914;42949915;42949916;42949917;42949918;42949919;42949920;42949921;42949922;42949923;42949924;42949925;42949926;42949927;42949928;42949929;42949930;42949931;42949932;42949933;43025241;43025242;43025243;43025244;43025245;43025246;43025247;43025248;43025249;43036743;43036779;43036780;43036781;43036782;43036783;43036784;43036785;43036786;43036787;43036788;43036789;43036790;43036791;43036792;43036793;43036794;43037041;43037042;43037043;43136214;43136215;43136216;43137002;43138875;43138876;43138877;43138878;43138879;43138880;43138881;43138882;43138883;43138884;43138885;43138886;43138887;43138888;43138889;43138890;43138891;43138892;43138893;43138894;43138895;43138896;43138897;43138898;43138899;43138900;43147122;43147965;43149290;43149291;43149292;43149800;43149801;43149802;43149803;43149804;43149805;43149806;43149808;43149809;43149810;43149811;43149812;43149813;43149814;43149815;43149816;43149817;43149818;43149819;43149820;43149821;43159129;43160519;43160520;43160521;43161004;43161005;43161006;43161007;43161009;43161010;43161011;43161012;43161013;43161014;43161015;43161016;43161017;43161018;43161019;43161020;43169192;43169193;43169992;43169993;43169994;43171422;43171918;43171919;43171921;43171922;43171923;43171925;43171926;43171929;43171930;43171931;43171932;43171933;43171936;43171937;43171940;43171941;43171942;43180276;43180277;43181048;43181049;43182908;43182909;43182910;43182911;43182912;43182913;43182915;43182916;43182917;43182918;43182919;43182920;43182921;43182922;43182923;43182924;43182925;43182926;43191988;43193863;43193864;43193866;43193867;43193868;43193869;43193870;43193871;43193872;43193874;43193875;43193876;43193877;43193878;43193879;43202235;43202236;43203039;43204377;43204861;43204862;43204863;43204864;43204865;43204866;43204867;43204868;43204870;43204872;43204873;43204874;43204875;43204876;43215776;43215777;43215778;43215780;43215781;43215782;43215783;43215784;43215786;43215787;43215788;43215790;43215791;43215792;43254923;43254924;43254925;43254926;43254927;43254928;43254929;43254930;43254931;43254932;43254933;43255355;43255356;43255357;43255358;43255359;43255360;43255361;43255362;43255363;43255364;43255365;43255366;43260279;43260280;43260281;43260282;43260283;43260284;43260285;43260286;43260287;43260698;43260699;43260700;43260701;43260702;43260703;43260704;43260705;43260706;43260707;43260708;43263829;43263977;43265702;43265703;43265704;43265705;43265706;43265707;43265708;43265709;43265710;43266153;43266154;43266155;43266156;43266157;43266158;43266159;43266160;43269300;43271206;43271207;43271208;43271209;43271210;43271646;43271647;43271648;43271649;43271650;43271651;43271652;43271653;43271654;43276738;43276739;43276740;43276741;43276742;43276743;43276744;43277190;43277192;43277193;43277195;43277196;43277197;43277198;43277199;43282060;43282061;43282062;43282063;43282064;43282065;43282066;43282067;43282068;43282069;43282070;43282071;43282072;43282465;43282466;43282467;43282468;43282469;43282470;43282471;43282472;43282473;43282474;43282475;43282476;43282477;43282478;43282479;43282480;43285800;43287518;43287519;43287520;43287521;43287522;43287523;43287925;43287926;43287927;43287928;43287929;43287930;43287931;43287932;43287933;43287934;43287935;43287936;43287937;43287938;43287939;43287940;43287941;43291166;43291167;43292915;43292916;43292917;43292918;43292919;43292920;43292921;43292922;43292923;43292924;43292925;43293355;43293356;43293357;43293358;43293359;43293360;43293361;43293362;43293363;43293364;43293365;43293366;43293367;43293368;43293369;43296393;43296559;43296560;43580853;43587414;43587415;43587416;43587417;43588588;43588589;43588590;43589166;43589168;43589169;43589170;43589199;43589200;43589201;43589202;43598827;43605489;43605490;43605491;43605492;43606616;43606617;43607252;43607253;43616815;43623366;43623367;43623368;43624474;43625131;43625132;43625133;43625134;43625163;43625164;43625166;43625177;43634968;43641570;43641571;43642742;43642743;43643389;43643390;43643391;43643422;43643423;43653047;43659728;43660887;43661518;43661519;43661542;43677720;43678857;43678858;43679442;43679443;43689019;43689020;43695563;43695564;43695565;43695566;43695567;43696705;43696706;43697294;43697295;43697296;43697297;43697298;43697299;43697300;43706874;43714583;43715174;43715176;43715177;43715178;43715179;43715180;43715202;43715213;43724788;43731403;43731404;43732610;43732611;43733215;43733216;43733217;43733218;43733247;43733248;43742913;43742914;43749331;43750547;43750548;43751163;43751164;43751165;43751166;43751187;43767340;43767341;43768530;43768531;43768532;43769145;43769146;43769184;43785391;43785392;43785393;43787112;43787114;43787115;43787139;43787140;43796713;43796714;43796715;43803338;43803339;43804525;43804526;43804527;43805117;43814802;43821441;43821442;43822632;43822633;43823201;43823202;43823203;43823204;43823205;43823206;43823227;43823239;43839533;43840724;43840725;43840726;43840727;43841315;43841316;43841317;43841350;43841351;43841352;43841353;43857634;43857635;43858804;43859452;43859453;43859454;43859455;43859456;43859457;43859493;43859494;44025788;44028885;44031411;44031412;44034921;44034922;44034923;44034924;44037987;44041884;44041885;44044463;44044464;44048025;44048026;44048027;44048028;44049089;44051113;44051114;44054983;44054984;44057414;44057415;44057416;44057417;44057418;44061025;44061026;44064134;44064135;44064136;44064137;44067949;44067950;44070275;44073826;44073827;44076831;44076832;44076833;44083167;44089738;44093642;44093644;44099696;44099697;44102736;44102737;44102738;44102739;44102740;44106553;44108984;44112496;44112497;44115565;44115566;44119547;44119548;44119550;44119551;44119552;44122089;44122090;44122091;44125659;44125661;44127202;44128735;44128736;44128737;44128738;44159099;44159506;44159507;44159508;44160241;44160242;44160243;44160244;44160872;44160873;44162519;44162520;44162521;44162522;44163275;44164033;44164034;44164035;44164036;44164824;44166335;44166336;44166337;44167036;44167789;44167790;44167791;44167792;44167793;44167794;44167795;44167796;44167797;44167798;44170086;44170087;44170088;44170089;44170777;44170778;44171560;44171561;44171562;44171563;44171564;44171565;44171566;44172245;44173812;44173813;44173814;44174548;44174549;44175291;44175292;44175293;44175294;44175295;44175296;44175297;44175298;44175937;44177575;44178084;44178306;44178307;44179045;44179046;44179047;44179048;44179049;44179050;44179051;44179052;44179053;44179054;44181288;44181289;44181290;44181291;44182007;44182008;44182792;44182793;44182794;44182795;44182796;44182797;44182798;44182799;44183418;44185023;44185024;44185025;44185026;44185027;44185028;44185518;44185519;44185764;44185765;44186526;44186527;44186528;44186529;44187347;44187601;44188112;44188876;44188877;44188878;44188879;44188880;44188881;46287537;46287538;46287539;46287540,,,333
ACE inhibitor or ARB ,6977,,6973,,Cardiovascular therapies,,,,n,410,,,,270
Beta-blocker ,4498,,4532,,Cardiovascular therapies,,,,n,410,,,,271
Statin or ezetimibe ,6432,,6436,,Cardiovascular therapies,,,,n,410,,,,377
Diuretics ,3488,,3479,,Cardiovascular therapies,,,,n,410,,,,374